<?xml version="1.0" encoding="UTF-8"?>
<metadata xmlns="http://www.demandware.com/xml/impex/metadata/2006-10-31">
    <custom-type type-id="NewsletterSubscription">
        <display-name xml:lang="x-default">StudentsNewsletter</display-name>
        <staging-mode>no-staging</staging-mode>
        <storage-scope>site</storage-scope>
        <key-definition attribute-id="email">
            <display-name xml:lang="x-default">Email</display-name>
            <type>string</type>
            <min-length>0</min-length>
        </key-definition>
        <attribute-definitions>
            <attribute-definition attribute-id="firstName">
                <display-name xml:lang="x-default">firstName</display-name>
                <type>string</type>
                <localizable-flag>false</localizable-flag>
                <mandatory-flag>true</mandatory-flag>
                <externally-managed-flag>false</externally-managed-flag>
                <min-length>0</min-length>
            </attribute-definition>
            <attribute-definition attribute-id="lastName">
                <display-name xml:lang="x-default">lastName</display-name>
                <type>string</type>
                <localizable-flag>false</localizable-flag>
                <mandatory-flag>true</mandatory-flag>
                <externally-managed-flag>false</externally-managed-flag>
                <min-length>0</min-length>
            </attribute-definition>
        </attribute-definitions>
        <group-definitions>
            <attribute-group group-id="NewsletterGroup">
                <display-name xml:lang="x-default">Newsletter Student Guide Grouping</display-name>
                <attribute attribute-id="email"/>
                <attribute attribute-id="lastName"/>
                <attribute attribute-id="firstName"/>
            </attribute-group>
        </group-definitions>
    </custom-type>

    <custom-type type-id="studentTrainingID">
        <staging-mode>no-staging</staging-mode>
        <storage-scope>organization</storage-scope>
        <key-definition attribute-id="studentTrainingKey">
            <type>string</type>
            <min-length>0</min-length>
        </key-definition>
        <group-definitions>
            <attribute-group group-id="studentTrainingGroup">
                <display-name xml:lang="x-default">training custom group</display-name>
                <attribute attribute-id="lastModified" system="true"/>
                <attribute attribute-id="studentTrainingKey"/>
            </attribute-group>
        </group-definitions>
    </custom-type>

</metadata>
