<?xml version="1.0" encoding="UTF-8"?>
<access-roles xmlns="http://www.demandware.com/xml/impex/accessrole/2007-09-05">
    <access-role role-id="Administrator">
        <description>The administrator has the rights to perform tasks related to the overall administration of the merchant organization and its users and roles. This access role is not site-specific and will grant the user access to the entire organization.</description>
        <access-controls>
            <access-control resource-path="BUSINESSMGR/SystemMenu/Sites/-/auditing" permission="ACCESS"/>
            <access-control resource-path="BUSINESSMGR/SystemMenu/Sites/-/cdnManager" permission="ACCESS"/>
            <access-control resource-path="BUSINESSMGR/SystemMenu/Sites/-/contentlibraries_manage" permission="ACCESS"/>
            <access-control resource-path="BUSINESSMGR/SystemMenu/Sites/-/crossCloudTrust" permission="ACCESS"/>
            <access-control resource-path="BUSINESSMGR/SystemMenu/Sites/-/csc_config" permission="ACCESS"/>
            <access-control resource-path="BUSINESSMGR/SystemMenu/Sites/-/customer360" permission="ACCESS"/>
            <access-control resource-path="BUSINESSMGR/SystemMenu/Sites/-/customerlists_batchprocs" permission="ACCESS"/>
            <access-control resource-path="BUSINESSMGR/SystemMenu/Sites/-/customerlists_manage" permission="ACCESS"/>
            <access-control resource-path="BUSINESSMGR/SystemMenu/Sites/-/customization_err" permission="ACCESS"/>
            <access-control resource-path="BUSINESSMGR/SystemMenu/Sites/-/customization_impex" permission="ACCESS"/>
            <access-control resource-path="BUSINESSMGR/SystemMenu/Sites/-/customization_maint" permission="ACCESS"/>
            <access-control resource-path="BUSINESSMGR/SystemMenu/Sites/-/delta_exports" permission="ACCESS"/>
            <access-control resource-path="BUSINESSMGR/SystemMenu/Sites/-/development_deprecated_api" permission="ACCESS"/>
            <access-control resource-path="BUSINESSMGR/SystemMenu/Sites/-/feature_switch_manager" permission="ACCESS"/>
            <access-control resource-path="BUSINESSMGR/SystemMenu/Sites/-/geolocations" permission="ACCESS"/>
            <access-control resource-path="BUSINESSMGR/SystemMenu/Sites/-/global-code-rep-processes" permission="ACCESS"/>
            <access-control resource-path="BUSINESSMGR/SystemMenu/Sites/-/global-data-rep-processes" permission="ACCESS"/>
            <access-control resource-path="BUSINESSMGR/SystemMenu/Sites/-/global-prefs_custom_prefs" permission="ACCESS"/>
            <access-control resource-path="BUSINESSMGR/SystemMenu/Sites/-/global-prefs_einstein_data_privacy" permission="ACCESS"/>
            <access-control resource-path="BUSINESSMGR/SystemMenu/Sites/-/global-prefs_locales" permission="ACCESS"/>
            <access-control resource-path="BUSINESSMGR/SystemMenu/Sites/-/global-prefs_order_search" permission="ACCESS"/>
            <access-control resource-path="BUSINESSMGR/SystemMenu/Sites/-/global-prefs_orders_seriesnumbers" permission="ACCESS"/>
            <access-control resource-path="BUSINESSMGR/SystemMenu/Sites/-/global-prefs_pricing" permission="ACCESS"/>
            <access-control resource-path="BUSINESSMGR/SystemMenu/Sites/-/global-prefs_prodlocking" permission="ACCESS"/>
            <access-control resource-path="BUSINESSMGR/SystemMenu/Sites/-/global-prefs_product_lists" permission="ACCESS"/>
            <access-control resource-path="BUSINESSMGR/SystemMenu/Sites/-/global-prefs_salesforcepayments" permission="ACCESS"/>
            <access-control resource-path="BUSINESSMGR/SystemMenu/Sites/-/global-prefs_salesforcepaymentszones" permission="ACCESS"/>
            <access-control resource-path="BUSINESSMGR/SystemMenu/Sites/-/global-prefs_securityPrefs" permission="ACCESS"/>
            <access-control resource-path="BUSINESSMGR/SystemMenu/Sites/-/global-prefs_timeouts" permission="ACCESS"/>
            <access-control resource-path="BUSINESSMGR/SystemMenu/Sites/-/global-prefs_timeZones" permission="ACCESS"/>
            <access-control resource-path="BUSINESSMGR/SystemMenu/Sites/-/global-prefs_unsafeContentInjectionSettings" permission="ACCESS"/>
            <access-control resource-path="BUSINESSMGR/SystemMenu/Sites/-/impex_settings" permission="ACCESS"/>
            <access-control resource-path="BUSINESSMGR/SystemMenu/Sites/-/instance_setup" permission="ACCESS"/>
            <access-control resource-path="BUSINESSMGR/SystemMenu/Sites/-/jobmonitor" permission="ACCESS"/>
            <access-control resource-path="BUSINESSMGR/SystemMenu/Sites/-/jobschedules" permission="ACCESS"/>
            <access-control resource-path="BUSINESSMGR/SystemMenu/Sites/-/jobsteptypes" permission="ACCESS"/>
            <access-control resource-path="BUSINESSMGR/SystemMenu/Sites/-/oauth-providers" permission="ACCESS"/>
            <access-control resource-path="BUSINESSMGR/SystemMenu/Sites/-/operations_auditing" permission="ACCESS"/>
            <access-control resource-path="BUSINESSMGR/SystemMenu/Sites/-/operations_certificates" permission="ACCESS"/>
            <access-control resource-path="BUSINESSMGR/SystemMenu/Sites/-/operations_custom_caches" permission="ACCESS"/>
            <access-control resource-path="BUSINESSMGR/SystemMenu/Sites/-/operations_customlogging" permission="ACCESS"/>
            <access-control resource-path="BUSINESSMGR/SystemMenu/Sites/-/operations_email" permission="ACCESS"/>
            <access-control resource-path="BUSINESSMGR/SystemMenu/Sites/-/operations_encryption_keys" permission="ACCESS"/>
            <access-control resource-path="BUSINESSMGR/SystemMenu/Sites/-/operations_exportorderjournal" permission="ACCESS"/>
            <access-control resource-path="BUSINESSMGR/SystemMenu/Sites/-/operations_geoip" permission="ACCESS"/>
            <access-control resource-path="BUSINESSMGR/SystemMenu/Sites/-/operations_impex" permission="ACCESS"/>
            <access-control resource-path="BUSINESSMGR/SystemMenu/Sites/-/operations_inventory_integration_status" permission="ACCESS"/>
            <access-control resource-path="BUSINESSMGR/SystemMenu/Sites/-/operations_jobmonitor" permission="ACCESS"/>
            <access-control resource-path="BUSINESSMGR/SystemMenu/Sites/-/operations_jobschedules" permission="ACCESS"/>
            <access-control resource-path="BUSINESSMGR/SystemMenu/Sites/-/operations_jobstatistics" permission="ACCESS"/>
            <access-control resource-path="BUSINESSMGR/SystemMenu/Sites/-/operations_notifications" permission="ACCESS"/>
            <access-control resource-path="BUSINESSMGR/SystemMenu/Sites/-/operations_pipeline_performance" permission="ACCESS"/>
            <access-control resource-path="BUSINESSMGR/SystemMenu/Sites/-/operations_quotastatus" permission="ACCESS"/>
            <access-control resource-path="BUSINESSMGR/SystemMenu/Sites/-/operations_service_maint" permission="ACCESS"/>
            <access-control resource-path="BUSINESSMGR/SystemMenu/Sites/-/operations_services" permission="ACCESS"/>
            <access-control resource-path="BUSINESSMGR/SystemMenu/Sites/-/operations_services_stats" permission="ACCESS"/>
            <access-control resource-path="BUSINESSMGR/SystemMenu/Sites/-/operations_tracing" permission="ACCESS"/>
            <access-control resource-path="BUSINESSMGR/SystemMenu/Sites/-/organization_permission_audit" permission="ACCESS"/>
            <access-control resource-path="BUSINESSMGR/SystemMenu/Sites/-/organization_profile" permission="ACCESS"/>
            <access-control resource-path="BUSINESSMGR/SystemMenu/Sites/-/organization_roles" permission="ACCESS"/>
            <access-control resource-path="BUSINESSMGR/SystemMenu/Sites/-/organization_users" permission="ACCESS"/>
            <access-control resource-path="BUSINESSMGR/SystemMenu/Sites/-/sites_manage" permission="ACCESS"/>
            <access-control resource-path="BUSINESSMGR/SystemMenu/Sites/-/slds_screen" permission="ACCESS"/>
            <access-control resource-path="BUSINESSMGR/SystemMenu/Sites/-/studio_code_deployment" permission="ACCESS"/>
            <access-control resource-path="BUSINESSMGR/SystemMenu/Sites/-/studio_commerce_api" permission="ACCESS"/>
            <access-control resource-path="BUSINESSMGR/SystemMenu/Sites/-/studio_custom_obj" permission="ACCESS"/>
            <access-control resource-path="BUSINESSMGR/SystemMenu/Sites/-/studio_setup" permission="ACCESS"/>
            <access-control resource-path="BUSINESSMGR/SystemMenu/Sites/-/studio_system_obj" permission="ACCESS"/>
            <access-control resource-path="BUSINESSMGR/SystemMenu/Sites/-/wapi_settings" permission="ACCESS"/>
            <access-control resource-path="BUSINESSMGR/SystemMenu/Sites/-/webdavclient_permissions" permission="ACCESS"/>
            <access-control resource-path="BUSINESSMGR/SystemMenu/Sites/RefArch/analytics_historical_reports" permission="ACCESS"/>
            <access-control resource-path="BUSINESSMGR/SystemMenu/Sites/RefArch/analytics_reportsdashboards" permission="ACCESS"/>
            <access-control resource-path="BUSINESSMGR/SystemMenu/Sites/RefArch/content_impex" permission="ACCESS"/>
            <access-control resource-path="BUSINESSMGR/SystemMenu/Sites/RefArch/content_pages" permission="ACCESS"/>
            <access-control resource-path="BUSINESSMGR/SystemMenu/Sites/RefArch/customer_service_center_module" permission="ACCESS"/>
            <access-control resource-path="BUSINESSMGR/SystemMenu/Sites/RefArch/customers_batchprocs" permission="ACCESS"/>
            <access-control resource-path="BUSINESSMGR/SystemMenu/Sites/RefArch/customers_gdpr" permission="ACCESS"/>
            <access-control resource-path="BUSINESSMGR/SystemMenu/Sites/RefArch/customers_groups" permission="ACCESS"/>
            <access-control resource-path="BUSINESSMGR/SystemMenu/Sites/RefArch/customers_impex" permission="ACCESS"/>
            <access-control resource-path="BUSINESSMGR/SystemMenu/Sites/RefArch/customers_manage" permission="ACCESS"/>
            <access-control resource-path="BUSINESSMGR/SystemMenu/Sites/RefArch/keyword_groups" permission="ACCESS"/>
            <access-control resource-path="BUSINESSMGR/SystemMenu/Sites/RefArch/library_content" permission="ACCESS"/>
            <access-control resource-path="BUSINESSMGR/SystemMenu/Sites/RefArch/library_content_libraries" permission="ACCESS"/>
            <access-control resource-path="BUSINESSMGR/SystemMenu/Sites/RefArch/library_folder" permission="ACCESS"/>
            <access-control resource-path="BUSINESSMGR/SystemMenu/Sites/RefArch/marketing_abtests" permission="ACCESS"/>
            <access-control resource-path="BUSINESSMGR/SystemMenu/Sites/RefArch/marketing_activedata" permission="ACCESS"/>
            <access-control resource-path="BUSINESSMGR/SystemMenu/Sites/RefArch/marketing_campaigns" permission="ACCESS"/>
            <access-control resource-path="BUSINESSMGR/SystemMenu/Sites/RefArch/marketing_coupons" permission="ACCESS"/>
            <access-control resource-path="BUSINESSMGR/SystemMenu/Sites/RefArch/marketing_couponsharing" permission="ACCESS"/>
            <access-control resource-path="BUSINESSMGR/SystemMenu/Sites/RefArch/marketing_giftcert" permission="ACCESS"/>
            <access-control resource-path="BUSINESSMGR/SystemMenu/Sites/RefArch/marketing_impex" permission="ACCESS"/>
            <access-control resource-path="BUSINESSMGR/SystemMenu/Sites/RefArch/marketing_promotions" permission="ACCESS"/>
            <access-control resource-path="BUSINESSMGR/SystemMenu/Sites/RefArch/marketing_slot" permission="ACCESS"/>
            <access-control resource-path="BUSINESSMGR/SystemMenu/Sites/RefArch/marketing_storegroups" permission="ACCESS"/>
            <access-control resource-path="BUSINESSMGR/SystemMenu/Sites/RefArch/marketing_storelocations" permission="ACCESS"/>
            <access-control resource-path="BUSINESSMGR/SystemMenu/Sites/RefArch/orders_export" permission="ACCESS"/>
            <access-control resource-path="BUSINESSMGR/SystemMenu/Sites/RefArch/orders_manage" permission="ACCESS"/>
            <access-control resource-path="BUSINESSMGR/SystemMenu/Sites/RefArch/orders_paymentmethods" permission="ACCESS"/>
            <access-control resource-path="BUSINESSMGR/SystemMenu/Sites/RefArch/orders_paymethods" permission="ACCESS"/>
            <access-control resource-path="BUSINESSMGR/SystemMenu/Sites/RefArch/orders_salesforcepayments" permission="ACCESS"/>
            <access-control resource-path="BUSINESSMGR/SystemMenu/Sites/RefArch/orders_shipmethods" permission="ACCESS"/>
            <access-control resource-path="BUSINESSMGR/SystemMenu/Sites/RefArch/orders_taxation" permission="ACCESS"/>
            <access-control resource-path="BUSINESSMGR/SystemMenu/Sites/RefArch/prod-cat_batchprocs" permission="ACCESS"/>
            <access-control resource-path="BUSINESSMGR/SystemMenu/Sites/RefArch/prod-cat_catalogs" permission="ACCESS"/>
            <access-control resource-path="BUSINESSMGR/SystemMenu/Sites/RefArch/prod-cat_catalogs_beta" permission="ACCESS"/>
            <access-control resource-path="BUSINESSMGR/SystemMenu/Sites/RefArch/prod-cat_feeds" permission="ACCESS"/>
            <access-control resource-path="BUSINESSMGR/SystemMenu/Sites/RefArch/prod-cat_impex" permission="ACCESS"/>
            <access-control resource-path="BUSINESSMGR/SystemMenu/Sites/RefArch/prod-cat_inventory" permission="ACCESS"/>
            <access-control resource-path="BUSINESSMGR/SystemMenu/Sites/RefArch/prod-cat_pricebooks" permission="ACCESS"/>
            <access-control resource-path="BUSINESSMGR/SystemMenu/Sites/RefArch/prod-cat_product_options" permission="ACCESS"/>
            <access-control resource-path="BUSINESSMGR/SystemMenu/Sites/RefArch/prod-cat_product_sets" permission="ACCESS"/>
            <access-control resource-path="BUSINESSMGR/SystemMenu/Sites/RefArch/prod-cat_product_variations" permission="ACCESS"/>
            <access-control resource-path="BUSINESSMGR/SystemMenu/Sites/RefArch/prod-cat_products" permission="ACCESS"/>
            <access-control resource-path="BUSINESSMGR/SystemMenu/Sites/RefArch/prod-cat_recommendations" permission="ACCESS"/>
            <access-control resource-path="BUSINESSMGR/SystemMenu/Sites/RefArch/search_attributes" permission="ACCESS"/>
            <access-control resource-path="BUSINESSMGR/SystemMenu/Sites/RefArch/search_category-name-exclusions" permission="ACCESS"/>
            <access-control resource-path="BUSINESSMGR/SystemMenu/Sites/RefArch/search_common-phrases" permission="ACCESS"/>
            <access-control resource-path="BUSINESSMGR/SystemMenu/Sites/RefArch/search_compound-words" permission="ACCESS"/>
            <access-control resource-path="BUSINESSMGR/SystemMenu/Sites/RefArch/search_dictionaries" permission="ACCESS"/>
            <access-control resource-path="BUSINESSMGR/SystemMenu/Sites/RefArch/search_hypernyms" permission="ACCESS"/>
            <access-control resource-path="BUSINESSMGR/SystemMenu/Sites/RefArch/search_impex" permission="ACCESS"/>
            <access-control resource-path="BUSINESSMGR/SystemMenu/Sites/RefArch/search_index_redirects" permission="ACCESS"/>
            <access-control resource-path="BUSINESSMGR/SystemMenu/Sites/RefArch/search_index_schedule" permission="ACCESS"/>
            <access-control resource-path="BUSINESSMGR/SystemMenu/Sites/RefArch/search_indexes" permission="ACCESS"/>
            <access-control resource-path="BUSINESSMGR/SystemMenu/Sites/RefArch/search_preferences" permission="ACCESS"/>
            <access-control resource-path="BUSINESSMGR/SystemMenu/Sites/RefArch/search_query_testing" permission="ACCESS"/>
            <access-control resource-path="BUSINESSMGR/SystemMenu/Sites/RefArch/search_returnable_attributes" permission="ACCESS"/>
            <access-control resource-path="BUSINESSMGR/SystemMenu/Sites/RefArch/search_stopwords" permission="ACCESS"/>
            <access-control resource-path="BUSINESSMGR/SystemMenu/Sites/RefArch/search_suggestions" permission="ACCESS"/>
            <access-control resource-path="BUSINESSMGR/SystemMenu/Sites/RefArch/search_synonyms" permission="ACCESS"/>
            <access-control resource-path="BUSINESSMGR/SystemMenu/Sites/RefArch/seo_aliases" permission="ACCESS"/>
            <access-control resource-path="BUSINESSMGR/SystemMenu/Sites/RefArch/seo_customer-cdn-settings" permission="ACCESS"/>
            <access-control resource-path="BUSINESSMGR/SystemMenu/Sites/RefArch/seo_dynamic-mapping-rules" permission="ACCESS"/>
            <access-control resource-path="BUSINESSMGR/SystemMenu/Sites/RefArch/seo_page-meta-tag-rules" permission="ACCESS"/>
            <access-control resource-path="BUSINESSMGR/SystemMenu/Sites/RefArch/seo_robots" permission="ACCESS"/>
            <access-control resource-path="BUSINESSMGR/SystemMenu/Sites/RefArch/seo_sitemaps" permission="ACCESS"/>
            <access-control resource-path="BUSINESSMGR/SystemMenu/Sites/RefArch/seo_static-mappings-rules" permission="ACCESS"/>
            <access-control resource-path="BUSINESSMGR/SystemMenu/Sites/RefArch/seo_url-redirects" permission="ACCESS"/>
            <access-control resource-path="BUSINESSMGR/SystemMenu/Sites/RefArch/seo_url-request-analyzer" permission="ACCESS"/>
            <access-control resource-path="BUSINESSMGR/SystemMenu/Sites/RefArch/seo_url-rules" permission="ACCESS"/>
            <access-control resource-path="BUSINESSMGR/SystemMenu/Sites/RefArch/site-obj_batchprocs" permission="ACCESS"/>
            <access-control resource-path="BUSINESSMGR/SystemMenu/Sites/RefArch/site-obj_editor" permission="ACCESS"/>
            <access-control resource-path="BUSINESSMGR/SystemMenu/Sites/RefArch/site-obj_impex" permission="ACCESS"/>
            <access-control resource-path="BUSINESSMGR/SystemMenu/Sites/RefArch/site-prefs_abtest" permission="ACCESS"/>
            <access-control resource-path="BUSINESSMGR/SystemMenu/Sites/RefArch/site-prefs_android-pay" permission="ACCESS"/>
            <access-control resource-path="BUSINESSMGR/SystemMenu/Sites/RefArch/site-prefs_apple-pay" permission="ACCESS"/>
            <access-control resource-path="BUSINESSMGR/SystemMenu/Sites/RefArch/site-prefs_cart" permission="ACCESS"/>
            <access-control resource-path="BUSINESSMGR/SystemMenu/Sites/RefArch/site-prefs_cdpdata" permission="ACCESS"/>
            <access-control resource-path="BUSINESSMGR/SystemMenu/Sites/RefArch/site-prefs_couponprefs" permission="ACCESS"/>
            <access-control resource-path="BUSINESSMGR/SystemMenu/Sites/RefArch/site-prefs_csc" permission="ACCESS"/>
            <access-control resource-path="BUSINESSMGR/SystemMenu/Sites/RefArch/site-prefs_currencies" permission="ACCESS"/>
            <access-control resource-path="BUSINESSMGR/SystemMenu/Sites/RefArch/site-prefs_custom_prefs" permission="ACCESS"/>
            <access-control resource-path="BUSINESSMGR/SystemMenu/Sites/RefArch/site-prefs_facebook" permission="ACCESS"/>
            <access-control resource-path="BUSINESSMGR/SystemMenu/Sites/RefArch/site-prefs_giftcertificates" permission="ACCESS"/>
            <access-control resource-path="BUSINESSMGR/SystemMenu/Sites/RefArch/site-prefs_orderexport" permission="ACCESS"/>
            <access-control resource-path="BUSINESSMGR/SystemMenu/Sites/RefArch/site-prefs_pinterest_commerce" permission="ACCESS"/>
            <access-control resource-path="BUSINESSMGR/SystemMenu/Sites/RefArch/site-prefs_privacy" permission="ACCESS"/>
            <access-control resource-path="BUSINESSMGR/SystemMenu/Sites/RefArch/site-prefs_prodlocking" permission="ACCESS"/>
            <access-control resource-path="BUSINESSMGR/SystemMenu/Sites/RefArch/site-prefs_promotionprefs" permission="ACCESS"/>
            <access-control resource-path="BUSINESSMGR/SystemMenu/Sites/RefArch/site-prefs_search" permission="ACCESS"/>
            <access-control resource-path="BUSINESSMGR/SystemMenu/Sites/RefArch/site-prefs_seriesnumbers" permission="ACCESS"/>
            <access-control resource-path="BUSINESSMGR/SystemMenu/Sites/RefArch/site-prefs_sitelocales" permission="ACCESS"/>
            <access-control resource-path="BUSINESSMGR/SystemMenu/Sites/RefArch/site-prefs_sourcecode" permission="ACCESS"/>
            <access-control resource-path="BUSINESSMGR/SystemMenu/Sites/RefArch/site-prefs_storefront_url_prefs" permission="ACCESS"/>
            <access-control resource-path="BUSINESSMGR/SystemMenu/Sites/RefArch/site-prefs_storefronttoolkitprefs" permission="ACCESS"/>
            <access-control resource-path="BUSINESSMGR/SystemMenu/Sites/RefArch/sorting_options" permission="ACCESS"/>
            <access-control resource-path="BUSINESSMGR/SystemMenu/Sites/RefArch/sorting_rules" permission="ACCESS"/>
            <access-control resource-path="BUSINESSMGR/SystemMenu/Sites/RefArch/sourcecode" permission="ACCESS"/>
            <access-control resource-path="BUSINESSMGR/SystemMenu/Sites/RefArch/stemming_exceptions" permission="ACCESS"/>
            <access-control resource-path="BUSINESSMGR/SystemMenu/Sites/RefArchGlobal/analytics_historical_reports" permission="ACCESS"/>
            <access-control resource-path="BUSINESSMGR/SystemMenu/Sites/RefArchGlobal/analytics_reportsdashboards" permission="ACCESS"/>
            <access-control resource-path="BUSINESSMGR/SystemMenu/Sites/RefArchGlobal/content_impex" permission="ACCESS"/>
            <access-control resource-path="BUSINESSMGR/SystemMenu/Sites/RefArchGlobal/content_pages" permission="ACCESS"/>
            <access-control resource-path="BUSINESSMGR/SystemMenu/Sites/RefArchGlobal/customer_service_center_module" permission="ACCESS"/>
            <access-control resource-path="BUSINESSMGR/SystemMenu/Sites/RefArchGlobal/customers_batchprocs" permission="ACCESS"/>
            <access-control resource-path="BUSINESSMGR/SystemMenu/Sites/RefArchGlobal/customers_gdpr" permission="ACCESS"/>
            <access-control resource-path="BUSINESSMGR/SystemMenu/Sites/RefArchGlobal/customers_groups" permission="ACCESS"/>
            <access-control resource-path="BUSINESSMGR/SystemMenu/Sites/RefArchGlobal/customers_impex" permission="ACCESS"/>
            <access-control resource-path="BUSINESSMGR/SystemMenu/Sites/RefArchGlobal/customers_manage" permission="ACCESS"/>
            <access-control resource-path="BUSINESSMGR/SystemMenu/Sites/RefArchGlobal/keyword_groups" permission="ACCESS"/>
            <access-control resource-path="BUSINESSMGR/SystemMenu/Sites/RefArchGlobal/library_content" permission="ACCESS"/>
            <access-control resource-path="BUSINESSMGR/SystemMenu/Sites/RefArchGlobal/library_content_libraries" permission="ACCESS"/>
            <access-control resource-path="BUSINESSMGR/SystemMenu/Sites/RefArchGlobal/library_folder" permission="ACCESS"/>
            <access-control resource-path="BUSINESSMGR/SystemMenu/Sites/RefArchGlobal/marketing_abtests" permission="ACCESS"/>
            <access-control resource-path="BUSINESSMGR/SystemMenu/Sites/RefArchGlobal/marketing_activedata" permission="ACCESS"/>
            <access-control resource-path="BUSINESSMGR/SystemMenu/Sites/RefArchGlobal/marketing_campaigns" permission="ACCESS"/>
            <access-control resource-path="BUSINESSMGR/SystemMenu/Sites/RefArchGlobal/marketing_coupons" permission="ACCESS"/>
            <access-control resource-path="BUSINESSMGR/SystemMenu/Sites/RefArchGlobal/marketing_couponsharing" permission="ACCESS"/>
            <access-control resource-path="BUSINESSMGR/SystemMenu/Sites/RefArchGlobal/marketing_giftcert" permission="ACCESS"/>
            <access-control resource-path="BUSINESSMGR/SystemMenu/Sites/RefArchGlobal/marketing_impex" permission="ACCESS"/>
            <access-control resource-path="BUSINESSMGR/SystemMenu/Sites/RefArchGlobal/marketing_promotions" permission="ACCESS"/>
            <access-control resource-path="BUSINESSMGR/SystemMenu/Sites/RefArchGlobal/marketing_slot" permission="ACCESS"/>
            <access-control resource-path="BUSINESSMGR/SystemMenu/Sites/RefArchGlobal/marketing_storegroups" permission="ACCESS"/>
            <access-control resource-path="BUSINESSMGR/SystemMenu/Sites/RefArchGlobal/marketing_storelocations" permission="ACCESS"/>
            <access-control resource-path="BUSINESSMGR/SystemMenu/Sites/RefArchGlobal/orders_export" permission="ACCESS"/>
            <access-control resource-path="BUSINESSMGR/SystemMenu/Sites/RefArchGlobal/orders_manage" permission="ACCESS"/>
            <access-control resource-path="BUSINESSMGR/SystemMenu/Sites/RefArchGlobal/orders_paymentmethods" permission="ACCESS"/>
            <access-control resource-path="BUSINESSMGR/SystemMenu/Sites/RefArchGlobal/orders_paymethods" permission="ACCESS"/>
            <access-control resource-path="BUSINESSMGR/SystemMenu/Sites/RefArchGlobal/orders_salesforcepayments" permission="ACCESS"/>
            <access-control resource-path="BUSINESSMGR/SystemMenu/Sites/RefArchGlobal/orders_shipmethods" permission="ACCESS"/>
            <access-control resource-path="BUSINESSMGR/SystemMenu/Sites/RefArchGlobal/orders_taxation" permission="ACCESS"/>
            <access-control resource-path="BUSINESSMGR/SystemMenu/Sites/RefArchGlobal/prod-cat_batchprocs" permission="ACCESS"/>
            <access-control resource-path="BUSINESSMGR/SystemMenu/Sites/RefArchGlobal/prod-cat_catalogs" permission="ACCESS"/>
            <access-control resource-path="BUSINESSMGR/SystemMenu/Sites/RefArchGlobal/prod-cat_catalogs_beta" permission="ACCESS"/>
            <access-control resource-path="BUSINESSMGR/SystemMenu/Sites/RefArchGlobal/prod-cat_feeds" permission="ACCESS"/>
            <access-control resource-path="BUSINESSMGR/SystemMenu/Sites/RefArchGlobal/prod-cat_impex" permission="ACCESS"/>
            <access-control resource-path="BUSINESSMGR/SystemMenu/Sites/RefArchGlobal/prod-cat_inventory" permission="ACCESS"/>
            <access-control resource-path="BUSINESSMGR/SystemMenu/Sites/RefArchGlobal/prod-cat_pricebooks" permission="ACCESS"/>
            <access-control resource-path="BUSINESSMGR/SystemMenu/Sites/RefArchGlobal/prod-cat_product_options" permission="ACCESS"/>
            <access-control resource-path="BUSINESSMGR/SystemMenu/Sites/RefArchGlobal/prod-cat_product_sets" permission="ACCESS"/>
            <access-control resource-path="BUSINESSMGR/SystemMenu/Sites/RefArchGlobal/prod-cat_product_variations" permission="ACCESS"/>
            <access-control resource-path="BUSINESSMGR/SystemMenu/Sites/RefArchGlobal/prod-cat_products" permission="ACCESS"/>
            <access-control resource-path="BUSINESSMGR/SystemMenu/Sites/RefArchGlobal/prod-cat_recommendations" permission="ACCESS"/>
            <access-control resource-path="BUSINESSMGR/SystemMenu/Sites/RefArchGlobal/search_attributes" permission="ACCESS"/>
            <access-control resource-path="BUSINESSMGR/SystemMenu/Sites/RefArchGlobal/search_category-name-exclusions" permission="ACCESS"/>
            <access-control resource-path="BUSINESSMGR/SystemMenu/Sites/RefArchGlobal/search_common-phrases" permission="ACCESS"/>
            <access-control resource-path="BUSINESSMGR/SystemMenu/Sites/RefArchGlobal/search_compound-words" permission="ACCESS"/>
            <access-control resource-path="BUSINESSMGR/SystemMenu/Sites/RefArchGlobal/search_dictionaries" permission="ACCESS"/>
            <access-control resource-path="BUSINESSMGR/SystemMenu/Sites/RefArchGlobal/search_hypernyms" permission="ACCESS"/>
            <access-control resource-path="BUSINESSMGR/SystemMenu/Sites/RefArchGlobal/search_impex" permission="ACCESS"/>
            <access-control resource-path="BUSINESSMGR/SystemMenu/Sites/RefArchGlobal/search_index_redirects" permission="ACCESS"/>
            <access-control resource-path="BUSINESSMGR/SystemMenu/Sites/RefArchGlobal/search_index_schedule" permission="ACCESS"/>
            <access-control resource-path="BUSINESSMGR/SystemMenu/Sites/RefArchGlobal/search_indexes" permission="ACCESS"/>
            <access-control resource-path="BUSINESSMGR/SystemMenu/Sites/RefArchGlobal/search_preferences" permission="ACCESS"/>
            <access-control resource-path="BUSINESSMGR/SystemMenu/Sites/RefArchGlobal/search_query_testing" permission="ACCESS"/>
            <access-control resource-path="BUSINESSMGR/SystemMenu/Sites/RefArchGlobal/search_returnable_attributes" permission="ACCESS"/>
            <access-control resource-path="BUSINESSMGR/SystemMenu/Sites/RefArchGlobal/search_stopwords" permission="ACCESS"/>
            <access-control resource-path="BUSINESSMGR/SystemMenu/Sites/RefArchGlobal/search_suggestions" permission="ACCESS"/>
            <access-control resource-path="BUSINESSMGR/SystemMenu/Sites/RefArchGlobal/search_synonyms" permission="ACCESS"/>
            <access-control resource-path="BUSINESSMGR/SystemMenu/Sites/RefArchGlobal/seo_aliases" permission="ACCESS"/>
            <access-control resource-path="BUSINESSMGR/SystemMenu/Sites/RefArchGlobal/seo_customer-cdn-settings" permission="ACCESS"/>
            <access-control resource-path="BUSINESSMGR/SystemMenu/Sites/RefArchGlobal/seo_dynamic-mapping-rules" permission="ACCESS"/>
            <access-control resource-path="BUSINESSMGR/SystemMenu/Sites/RefArchGlobal/seo_page-meta-tag-rules" permission="ACCESS"/>
            <access-control resource-path="BUSINESSMGR/SystemMenu/Sites/RefArchGlobal/seo_robots" permission="ACCESS"/>
            <access-control resource-path="BUSINESSMGR/SystemMenu/Sites/RefArchGlobal/seo_sitemaps" permission="ACCESS"/>
            <access-control resource-path="BUSINESSMGR/SystemMenu/Sites/RefArchGlobal/seo_static-mappings-rules" permission="ACCESS"/>
            <access-control resource-path="BUSINESSMGR/SystemMenu/Sites/RefArchGlobal/seo_url-redirects" permission="ACCESS"/>
            <access-control resource-path="BUSINESSMGR/SystemMenu/Sites/RefArchGlobal/seo_url-request-analyzer" permission="ACCESS"/>
            <access-control resource-path="BUSINESSMGR/SystemMenu/Sites/RefArchGlobal/seo_url-rules" permission="ACCESS"/>
            <access-control resource-path="BUSINESSMGR/SystemMenu/Sites/RefArchGlobal/site-obj_batchprocs" permission="ACCESS"/>
            <access-control resource-path="BUSINESSMGR/SystemMenu/Sites/RefArchGlobal/site-obj_editor" permission="ACCESS"/>
            <access-control resource-path="BUSINESSMGR/SystemMenu/Sites/RefArchGlobal/site-obj_impex" permission="ACCESS"/>
            <access-control resource-path="BUSINESSMGR/SystemMenu/Sites/RefArchGlobal/site-prefs_abtest" permission="ACCESS"/>
            <access-control resource-path="BUSINESSMGR/SystemMenu/Sites/RefArchGlobal/site-prefs_android-pay" permission="ACCESS"/>
            <access-control resource-path="BUSINESSMGR/SystemMenu/Sites/RefArchGlobal/site-prefs_apple-pay" permission="ACCESS"/>
            <access-control resource-path="BUSINESSMGR/SystemMenu/Sites/RefArchGlobal/site-prefs_cart" permission="ACCESS"/>
            <access-control resource-path="BUSINESSMGR/SystemMenu/Sites/RefArchGlobal/site-prefs_cdpdata" permission="ACCESS"/>
            <access-control resource-path="BUSINESSMGR/SystemMenu/Sites/RefArchGlobal/site-prefs_couponprefs" permission="ACCESS"/>
            <access-control resource-path="BUSINESSMGR/SystemMenu/Sites/RefArchGlobal/site-prefs_csc" permission="ACCESS"/>
            <access-control resource-path="BUSINESSMGR/SystemMenu/Sites/RefArchGlobal/site-prefs_currencies" permission="ACCESS"/>
            <access-control resource-path="BUSINESSMGR/SystemMenu/Sites/RefArchGlobal/site-prefs_custom_prefs" permission="ACCESS"/>
            <access-control resource-path="BUSINESSMGR/SystemMenu/Sites/RefArchGlobal/site-prefs_facebook" permission="ACCESS"/>
            <access-control resource-path="BUSINESSMGR/SystemMenu/Sites/RefArchGlobal/site-prefs_giftcertificates" permission="ACCESS"/>
            <access-control resource-path="BUSINESSMGR/SystemMenu/Sites/RefArchGlobal/site-prefs_orderexport" permission="ACCESS"/>
            <access-control resource-path="BUSINESSMGR/SystemMenu/Sites/RefArchGlobal/site-prefs_pinterest_commerce" permission="ACCESS"/>
            <access-control resource-path="BUSINESSMGR/SystemMenu/Sites/RefArchGlobal/site-prefs_privacy" permission="ACCESS"/>
            <access-control resource-path="BUSINESSMGR/SystemMenu/Sites/RefArchGlobal/site-prefs_prodlocking" permission="ACCESS"/>
            <access-control resource-path="BUSINESSMGR/SystemMenu/Sites/RefArchGlobal/site-prefs_promotionprefs" permission="ACCESS"/>
            <access-control resource-path="BUSINESSMGR/SystemMenu/Sites/RefArchGlobal/site-prefs_search" permission="ACCESS"/>
            <access-control resource-path="BUSINESSMGR/SystemMenu/Sites/RefArchGlobal/site-prefs_seriesnumbers" permission="ACCESS"/>
            <access-control resource-path="BUSINESSMGR/SystemMenu/Sites/RefArchGlobal/site-prefs_sitelocales" permission="ACCESS"/>
            <access-control resource-path="BUSINESSMGR/SystemMenu/Sites/RefArchGlobal/site-prefs_sourcecode" permission="ACCESS"/>
            <access-control resource-path="BUSINESSMGR/SystemMenu/Sites/RefArchGlobal/site-prefs_storefront_url_prefs" permission="ACCESS"/>
            <access-control resource-path="BUSINESSMGR/SystemMenu/Sites/RefArchGlobal/site-prefs_storefronttoolkitprefs" permission="ACCESS"/>
            <access-control resource-path="BUSINESSMGR/SystemMenu/Sites/RefArchGlobal/sorting_options" permission="ACCESS"/>
            <access-control resource-path="BUSINESSMGR/SystemMenu/Sites/RefArchGlobal/sorting_rules" permission="ACCESS"/>
            <access-control resource-path="BUSINESSMGR/SystemMenu/Sites/RefArchGlobal/sourcecode" permission="ACCESS"/>
            <access-control resource-path="BUSINESSMGR/SystemMenu/Sites/RefArchGlobal/stemming_exceptions" permission="ACCESS"/>
            <access-control resource-path="BUSINESSMGR/SystemMenu/Sites/Training/analytics_historical_reports" permission="ACCESS"/>
            <access-control resource-path="BUSINESSMGR/SystemMenu/Sites/Training/analytics_reportsdashboards" permission="ACCESS"/>
            <access-control resource-path="BUSINESSMGR/SystemMenu/Sites/Training/content_impex" permission="ACCESS"/>
            <access-control resource-path="BUSINESSMGR/SystemMenu/Sites/Training/content_pages" permission="ACCESS"/>
            <access-control resource-path="BUSINESSMGR/SystemMenu/Sites/Training/customer_service_center_module" permission="ACCESS"/>
            <access-control resource-path="BUSINESSMGR/SystemMenu/Sites/Training/customers_batchprocs" permission="ACCESS"/>
            <access-control resource-path="BUSINESSMGR/SystemMenu/Sites/Training/customers_gdpr" permission="ACCESS"/>
            <access-control resource-path="BUSINESSMGR/SystemMenu/Sites/Training/customers_groups" permission="ACCESS"/>
            <access-control resource-path="BUSINESSMGR/SystemMenu/Sites/Training/customers_impex" permission="ACCESS"/>
            <access-control resource-path="BUSINESSMGR/SystemMenu/Sites/Training/customers_manage" permission="ACCESS"/>
            <access-control resource-path="BUSINESSMGR/SystemMenu/Sites/Training/keyword_groups" permission="ACCESS"/>
            <access-control resource-path="BUSINESSMGR/SystemMenu/Sites/Training/library_content" permission="ACCESS"/>
            <access-control resource-path="BUSINESSMGR/SystemMenu/Sites/Training/library_content_libraries" permission="ACCESS"/>
            <access-control resource-path="BUSINESSMGR/SystemMenu/Sites/Training/library_folder" permission="ACCESS"/>
            <access-control resource-path="BUSINESSMGR/SystemMenu/Sites/Training/marketing_abtests" permission="ACCESS"/>
            <access-control resource-path="BUSINESSMGR/SystemMenu/Sites/Training/marketing_activedata" permission="ACCESS"/>
            <access-control resource-path="BUSINESSMGR/SystemMenu/Sites/Training/marketing_campaigns" permission="ACCESS"/>
            <access-control resource-path="BUSINESSMGR/SystemMenu/Sites/Training/marketing_coupons" permission="ACCESS"/>
            <access-control resource-path="BUSINESSMGR/SystemMenu/Sites/Training/marketing_couponsharing" permission="ACCESS"/>
            <access-control resource-path="BUSINESSMGR/SystemMenu/Sites/Training/marketing_giftcert" permission="ACCESS"/>
            <access-control resource-path="BUSINESSMGR/SystemMenu/Sites/Training/marketing_impex" permission="ACCESS"/>
            <access-control resource-path="BUSINESSMGR/SystemMenu/Sites/Training/marketing_promotions" permission="ACCESS"/>
            <access-control resource-path="BUSINESSMGR/SystemMenu/Sites/Training/marketing_slot" permission="ACCESS"/>
            <access-control resource-path="BUSINESSMGR/SystemMenu/Sites/Training/marketing_storegroups" permission="ACCESS"/>
            <access-control resource-path="BUSINESSMGR/SystemMenu/Sites/Training/marketing_storelocations" permission="ACCESS"/>
            <access-control resource-path="BUSINESSMGR/SystemMenu/Sites/Training/orders_export" permission="ACCESS"/>
            <access-control resource-path="BUSINESSMGR/SystemMenu/Sites/Training/orders_manage" permission="ACCESS"/>
            <access-control resource-path="BUSINESSMGR/SystemMenu/Sites/Training/orders_paymentmethods" permission="ACCESS"/>
            <access-control resource-path="BUSINESSMGR/SystemMenu/Sites/Training/orders_paymethods" permission="ACCESS"/>
            <access-control resource-path="BUSINESSMGR/SystemMenu/Sites/Training/orders_salesforcepayments" permission="ACCESS"/>
            <access-control resource-path="BUSINESSMGR/SystemMenu/Sites/Training/orders_shipmethods" permission="ACCESS"/>
            <access-control resource-path="BUSINESSMGR/SystemMenu/Sites/Training/orders_taxation" permission="ACCESS"/>
            <access-control resource-path="BUSINESSMGR/SystemMenu/Sites/Training/prod-cat_batchprocs" permission="ACCESS"/>
            <access-control resource-path="BUSINESSMGR/SystemMenu/Sites/Training/prod-cat_catalogs" permission="ACCESS"/>
            <access-control resource-path="BUSINESSMGR/SystemMenu/Sites/Training/prod-cat_catalogs_beta" permission="ACCESS"/>
            <access-control resource-path="BUSINESSMGR/SystemMenu/Sites/Training/prod-cat_feeds" permission="ACCESS"/>
            <access-control resource-path="BUSINESSMGR/SystemMenu/Sites/Training/prod-cat_impex" permission="ACCESS"/>
            <access-control resource-path="BUSINESSMGR/SystemMenu/Sites/Training/prod-cat_inventory" permission="ACCESS"/>
            <access-control resource-path="BUSINESSMGR/SystemMenu/Sites/Training/prod-cat_pricebooks" permission="ACCESS"/>
            <access-control resource-path="BUSINESSMGR/SystemMenu/Sites/Training/prod-cat_product_options" permission="ACCESS"/>
            <access-control resource-path="BUSINESSMGR/SystemMenu/Sites/Training/prod-cat_product_sets" permission="ACCESS"/>
            <access-control resource-path="BUSINESSMGR/SystemMenu/Sites/Training/prod-cat_product_variations" permission="ACCESS"/>
            <access-control resource-path="BUSINESSMGR/SystemMenu/Sites/Training/prod-cat_products" permission="ACCESS"/>
            <access-control resource-path="BUSINESSMGR/SystemMenu/Sites/Training/prod-cat_recommendations" permission="ACCESS"/>
            <access-control resource-path="BUSINESSMGR/SystemMenu/Sites/Training/search_attributes" permission="ACCESS"/>
            <access-control resource-path="BUSINESSMGR/SystemMenu/Sites/Training/search_category-name-exclusions" permission="ACCESS"/>
            <access-control resource-path="BUSINESSMGR/SystemMenu/Sites/Training/search_common-phrases" permission="ACCESS"/>
            <access-control resource-path="BUSINESSMGR/SystemMenu/Sites/Training/search_compound-words" permission="ACCESS"/>
            <access-control resource-path="BUSINESSMGR/SystemMenu/Sites/Training/search_dictionaries" permission="ACCESS"/>
            <access-control resource-path="BUSINESSMGR/SystemMenu/Sites/Training/search_hypernyms" permission="ACCESS"/>
            <access-control resource-path="BUSINESSMGR/SystemMenu/Sites/Training/search_impex" permission="ACCESS"/>
            <access-control resource-path="BUSINESSMGR/SystemMenu/Sites/Training/search_index_redirects" permission="ACCESS"/>
            <access-control resource-path="BUSINESSMGR/SystemMenu/Sites/Training/search_index_schedule" permission="ACCESS"/>
            <access-control resource-path="BUSINESSMGR/SystemMenu/Sites/Training/search_indexes" permission="ACCESS"/>
            <access-control resource-path="BUSINESSMGR/SystemMenu/Sites/Training/search_preferences" permission="ACCESS"/>
            <access-control resource-path="BUSINESSMGR/SystemMenu/Sites/Training/search_query_testing" permission="ACCESS"/>
            <access-control resource-path="BUSINESSMGR/SystemMenu/Sites/Training/search_returnable_attributes" permission="ACCESS"/>
            <access-control resource-path="BUSINESSMGR/SystemMenu/Sites/Training/search_stopwords" permission="ACCESS"/>
            <access-control resource-path="BUSINESSMGR/SystemMenu/Sites/Training/search_suggestions" permission="ACCESS"/>
            <access-control resource-path="BUSINESSMGR/SystemMenu/Sites/Training/search_synonyms" permission="ACCESS"/>
            <access-control resource-path="BUSINESSMGR/SystemMenu/Sites/Training/seo_aliases" permission="ACCESS"/>
            <access-control resource-path="BUSINESSMGR/SystemMenu/Sites/Training/seo_customer-cdn-settings" permission="ACCESS"/>
            <access-control resource-path="BUSINESSMGR/SystemMenu/Sites/Training/seo_dynamic-mapping-rules" permission="ACCESS"/>
            <access-control resource-path="BUSINESSMGR/SystemMenu/Sites/Training/seo_page-meta-tag-rules" permission="ACCESS"/>
            <access-control resource-path="BUSINESSMGR/SystemMenu/Sites/Training/seo_robots" permission="ACCESS"/>
            <access-control resource-path="BUSINESSMGR/SystemMenu/Sites/Training/seo_sitemaps" permission="ACCESS"/>
            <access-control resource-path="BUSINESSMGR/SystemMenu/Sites/Training/seo_static-mappings-rules" permission="ACCESS"/>
            <access-control resource-path="BUSINESSMGR/SystemMenu/Sites/Training/seo_url-redirects" permission="ACCESS"/>
            <access-control resource-path="BUSINESSMGR/SystemMenu/Sites/Training/seo_url-request-analyzer" permission="ACCESS"/>
            <access-control resource-path="BUSINESSMGR/SystemMenu/Sites/Training/seo_url-rules" permission="ACCESS"/>
            <access-control resource-path="BUSINESSMGR/SystemMenu/Sites/Training/site-obj_batchprocs" permission="ACCESS"/>
            <access-control resource-path="BUSINESSMGR/SystemMenu/Sites/Training/site-obj_editor" permission="ACCESS"/>
            <access-control resource-path="BUSINESSMGR/SystemMenu/Sites/Training/site-obj_impex" permission="ACCESS"/>
            <access-control resource-path="BUSINESSMGR/SystemMenu/Sites/Training/site-prefs_abtest" permission="ACCESS"/>
            <access-control resource-path="BUSINESSMGR/SystemMenu/Sites/Training/site-prefs_android-pay" permission="ACCESS"/>
            <access-control resource-path="BUSINESSMGR/SystemMenu/Sites/Training/site-prefs_apple-pay" permission="ACCESS"/>
            <access-control resource-path="BUSINESSMGR/SystemMenu/Sites/Training/site-prefs_cart" permission="ACCESS"/>
            <access-control resource-path="BUSINESSMGR/SystemMenu/Sites/Training/site-prefs_cdpdata" permission="ACCESS"/>
            <access-control resource-path="BUSINESSMGR/SystemMenu/Sites/Training/site-prefs_couponprefs" permission="ACCESS"/>
            <access-control resource-path="BUSINESSMGR/SystemMenu/Sites/Training/site-prefs_csc" permission="ACCESS"/>
            <access-control resource-path="BUSINESSMGR/SystemMenu/Sites/Training/site-prefs_currencies" permission="ACCESS"/>
            <access-control resource-path="BUSINESSMGR/SystemMenu/Sites/Training/site-prefs_custom_prefs" permission="ACCESS"/>
            <access-control resource-path="BUSINESSMGR/SystemMenu/Sites/Training/site-prefs_facebook" permission="ACCESS"/>
            <access-control resource-path="BUSINESSMGR/SystemMenu/Sites/Training/site-prefs_giftcertificates" permission="ACCESS"/>
            <access-control resource-path="BUSINESSMGR/SystemMenu/Sites/Training/site-prefs_orderexport" permission="ACCESS"/>
            <access-control resource-path="BUSINESSMGR/SystemMenu/Sites/Training/site-prefs_pinterest_commerce" permission="ACCESS"/>
            <access-control resource-path="BUSINESSMGR/SystemMenu/Sites/Training/site-prefs_privacy" permission="ACCESS"/>
            <access-control resource-path="BUSINESSMGR/SystemMenu/Sites/Training/site-prefs_prodlocking" permission="ACCESS"/>
            <access-control resource-path="BUSINESSMGR/SystemMenu/Sites/Training/site-prefs_promotionprefs" permission="ACCESS"/>
            <access-control resource-path="BUSINESSMGR/SystemMenu/Sites/Training/site-prefs_search" permission="ACCESS"/>
            <access-control resource-path="BUSINESSMGR/SystemMenu/Sites/Training/site-prefs_seriesnumbers" permission="ACCESS"/>
            <access-control resource-path="BUSINESSMGR/SystemMenu/Sites/Training/site-prefs_sitelocales" permission="ACCESS"/>
            <access-control resource-path="BUSINESSMGR/SystemMenu/Sites/Training/site-prefs_sourcecode" permission="ACCESS"/>
            <access-control resource-path="BUSINESSMGR/SystemMenu/Sites/Training/site-prefs_storefront_url_prefs" permission="ACCESS"/>
            <access-control resource-path="BUSINESSMGR/SystemMenu/Sites/Training/site-prefs_storefronttoolkitprefs" permission="ACCESS"/>
            <access-control resource-path="BUSINESSMGR/SystemMenu/Sites/Training/sorting_options" permission="ACCESS"/>
            <access-control resource-path="BUSINESSMGR/SystemMenu/Sites/Training/sorting_rules" permission="ACCESS"/>
            <access-control resource-path="BUSINESSMGR/SystemMenu/Sites/Training/sourcecode" permission="ACCESS"/>
            <access-control resource-path="BUSINESSMGR/SystemMenu/Sites/Training/stemming_exceptions" permission="ACCESS"/>
            <access-control resource-path="LOCALES/*" permission="ACCESS"/>
            <access-control resource-path="OBJECT/Organization/Sites" permission="Delete_All_Catalogs"/>
            <access-control resource-path="OBJECT/Organization/Sites" permission="Manage_All_Catalogs"/>
            <access-control resource-path="OBJECT/Organization/Sites" permission="Manage_All_Libraries"/>
            <access-control resource-path="OBJECT/Organization/Sites" permission="Manage_All_PriceBooks"/>
            <access-control resource-path="OBJECT/Organization/Sites" permission="Manage_Global_Sorting_Rules"/>
            <access-control resource-path="OBJECT/Organization/Sites" permission="Manage_Inventory"/>
            <access-control resource-path="OBJECT/Organization/Sites" permission="Merge_Customers"/>
            <access-control resource-path="OBJECT/Organization/Sites" permission="Modify_Beta_FeatureToggles"/>
            <access-control resource-path="OBJECT/Organization/Sites" permission="Replication_Run_For_Org"/>
            <access-control resource-path="OBJECT/Organization/Sites" permission="View_Coupon_Codes"/>
            <access-control resource-path="OBJECT/Organization/Sites" permission="WebDAV_Manage_Customization"/>
            <access-control resource-path="OBJECT/Organization/Sites" permission="WebDAV_Realm_Access"/>
            <access-control resource-path="OBJECT/Organization/Sites" permission="WebDAV_Security_Logs_Access"/>
            <access-control resource-path="OBJECT/Organization/Sites" permission="WebDAV_Transfer_Files"/>
            <access-control resource-path="OBJECT/Site/Sites/RefArch" permission="Access_Historical_AB_Testing_Reports"/>
            <access-control resource-path="OBJECT/Site/Sites/RefArch" permission="Access_Historical_Catalog_Reports"/>
            <access-control resource-path="OBJECT/Site/Sites/RefArch" permission="Access_Historical_Conversion_Reports"/>
            <access-control resource-path="OBJECT/Site/Sites/RefArch" permission="Access_Historical_Customer_Reports"/>
            <access-control resource-path="OBJECT/Site/Sites/RefArch" permission="Access_Historical_Purchase_Reports"/>
            <access-control resource-path="OBJECT/Site/Sites/RefArch" permission="Access_Historical_Search_Nav_Reports"/>
            <access-control resource-path="OBJECT/Site/Sites/RefArch" permission="Access_Historical_Technical_Reports"/>
            <access-control resource-path="OBJECT/Site/Sites/RefArch" permission="Access_Historical_Traffic_Reports"/>
            <access-control resource-path="OBJECT/Site/Sites/RefArch" permission="Access_Protected_Storefront"/>
            <access-control resource-path="OBJECT/Site/Sites/RefArch" permission="Adjust_Item_Price"/>
            <access-control resource-path="OBJECT/Site/Sites/RefArch" permission="Adjust_Order_Price"/>
            <access-control resource-path="OBJECT/Site/Sites/RefArch" permission="Adjust_Shipping_Price"/>
            <access-control resource-path="OBJECT/Site/Sites/RefArch" permission="Create_Order_On_Behalf_Of"/>
            <access-control resource-path="OBJECT/Site/Sites/RefArch" permission="Handle_External_Orders"/>
            <access-control resource-path="OBJECT/Site/Sites/RefArch" permission="Manage_Site_Library"/>
            <access-control resource-path="OBJECT/Site/Sites/RefArch" permission="Replication_Run_For_Site"/>
            <access-control resource-path="OBJECT/Site/Sites/RefArch" permission="Search_Orders"/>
            <access-control resource-path="OBJECT/Site/Sites/RefArchGlobal" permission="Access_Historical_AB_Testing_Reports"/>
            <access-control resource-path="OBJECT/Site/Sites/RefArchGlobal" permission="Access_Historical_Catalog_Reports"/>
            <access-control resource-path="OBJECT/Site/Sites/RefArchGlobal" permission="Access_Historical_Conversion_Reports"/>
            <access-control resource-path="OBJECT/Site/Sites/RefArchGlobal" permission="Access_Historical_Customer_Reports"/>
            <access-control resource-path="OBJECT/Site/Sites/RefArchGlobal" permission="Access_Historical_Purchase_Reports"/>
            <access-control resource-path="OBJECT/Site/Sites/RefArchGlobal" permission="Access_Historical_Search_Nav_Reports"/>
            <access-control resource-path="OBJECT/Site/Sites/RefArchGlobal" permission="Access_Historical_Technical_Reports"/>
            <access-control resource-path="OBJECT/Site/Sites/RefArchGlobal" permission="Access_Historical_Traffic_Reports"/>
            <access-control resource-path="OBJECT/Site/Sites/RefArchGlobal" permission="Access_Protected_Storefront"/>
            <access-control resource-path="OBJECT/Site/Sites/RefArchGlobal" permission="Adjust_Item_Price"/>
            <access-control resource-path="OBJECT/Site/Sites/RefArchGlobal" permission="Adjust_Order_Price"/>
            <access-control resource-path="OBJECT/Site/Sites/RefArchGlobal" permission="Adjust_Shipping_Price"/>
            <access-control resource-path="OBJECT/Site/Sites/RefArchGlobal" permission="Create_Order_On_Behalf_Of"/>
            <access-control resource-path="OBJECT/Site/Sites/RefArchGlobal" permission="Handle_External_Orders"/>
            <access-control resource-path="OBJECT/Site/Sites/RefArchGlobal" permission="Manage_Site_Library"/>
            <access-control resource-path="OBJECT/Site/Sites/RefArchGlobal" permission="Replication_Run_For_Site"/>
            <access-control resource-path="OBJECT/Site/Sites/RefArchGlobal" permission="Search_Orders"/>
            <access-control resource-path="OBJECT/Site/Sites/Training" permission="Access_Historical_AB_Testing_Reports"/>
            <access-control resource-path="OBJECT/Site/Sites/Training" permission="Access_Historical_Catalog_Reports"/>
            <access-control resource-path="OBJECT/Site/Sites/Training" permission="Access_Historical_Conversion_Reports"/>
            <access-control resource-path="OBJECT/Site/Sites/Training" permission="Access_Historical_Customer_Reports"/>
            <access-control resource-path="OBJECT/Site/Sites/Training" permission="Access_Historical_Purchase_Reports"/>
            <access-control resource-path="OBJECT/Site/Sites/Training" permission="Access_Historical_Search_Nav_Reports"/>
            <access-control resource-path="OBJECT/Site/Sites/Training" permission="Access_Historical_Technical_Reports"/>
            <access-control resource-path="OBJECT/Site/Sites/Training" permission="Access_Historical_Traffic_Reports"/>
            <access-control resource-path="OBJECT/Site/Sites/Training" permission="Access_Protected_Storefront"/>
            <access-control resource-path="OBJECT/Site/Sites/Training" permission="Adjust_Item_Price"/>
            <access-control resource-path="OBJECT/Site/Sites/Training" permission="Adjust_Order_Price"/>
            <access-control resource-path="OBJECT/Site/Sites/Training" permission="Adjust_Shipping_Price"/>
            <access-control resource-path="OBJECT/Site/Sites/Training" permission="Create_Order_On_Behalf_Of"/>
            <access-control resource-path="OBJECT/Site/Sites/Training" permission="Handle_External_Orders"/>
            <access-control resource-path="OBJECT/Site/Sites/Training" permission="Manage_Site_Library"/>
            <access-control resource-path="OBJECT/Site/Sites/Training" permission="Replication_Run_For_Site"/>
            <access-control resource-path="OBJECT/Site/Sites/Training" permission="Search_Orders"/>
        </access-controls>
    </access-role>
</access-roles>

